contextTitle,tweetId
"Here are all the celebrities who met with Trump after the election, Business Insider - Business Insider Singapore",8
Hope for Siblings - Hope 4 Siblings,30
drifterup Medical News,10
 Hospitals Destroyed And Millions Starving: The Crisis In Yemen Is Worsening | Christian News on Christian Today,27
This item is unavailable,23
" 
            Right Relevance : Influencers, Articles and Conversations
        ",39
drifterup Medical News,52
Earn money on short links. Make short links and earn the biggest money - shorte.st,18
Egypt Terror Attack at Cairo's Coptic Cathedral Kills 24; Funeral Procession Held Monday,38
,78
Avocado Toast Recipes We Can't Get Enough Of | Greatist,114
Etsy :: Your place to buy and sell all things handmade,106
Writing Night Scenes with Rayne Hall | Romance University,12
Facials Can Be Fatal (A Bad Hair Day Mystery): Nancy J. Cohen: 9781432832827: Amazon.com: Books,20
Merry Christmas And Happy New Year!,99
Jr Hunchoo - Destined For Greatness  Mixtape - Stream & Download,68
,133
China offers Philippines weapons for drug war - Business Insider,142
Fenil and Bollywood: Hollywood sequels score over Bollywood sequels in 2016,119
Walnut Village Award-winning Continuing Care Community,120
The Best Comfort Food Restaurants In NYC According To Wellness Leaders - mindbodygreen,115
,146
All On Me - Single by B3nchMarQ on Apple Music,138
"Land of the Hoosier Dawn (Events From The Hoosier Dawn Book 1) - Kindle edition by Nick Younker. Mystery, Thriller & Suspense Kindle eBooks @ Amazon.com.",105
Earn money on short links. Make short links and earn the biggest money - shorte.st,135
"Quotemeal for Tuesday, November 22, 2016",109
Aleppo battle: Raids on Syria city 'probably war crime' UN says - BBC News,113
Golden State Warriors Coach Steve Kerr Says He Smoked Marijuana to Overcome Chronic Back Pain; Suggests It May Be Better Option Than Painkillers | BCNN1 - Black Christian News Network,47
3 double-intensity training sessions - Runner's World,174
"
	Depression drug can alleviate joint pain in postmenopausal women treated for breast cancer
",144
"
	arzillion
",152
22-Y-O Suicide Bomber Who Killed 24 at Cairo's Coptic Church Linked to Terror Group,177
Amazon.com: Hope's Peak (Harper and Lane) eBook: Tony Healey: Kindle Store,125
"TACO TUESDAY - 10 Recipes That You have Try Now | Portobello, Nice and Easy",129
The Walking Dead â€“ No Man's Land,159
Return of the killer screwworm leads to first deer death in a month | Miami Herald,187
Nice Way To Start The Year! Ondo Workers Hold Prayer Session As They Resume (See Photos),157
DC DollAR - Veracious Ep (12-14-16)/clean Version Hosted by n/a Mixtape - Stream & Download,153
Suicide becomes Movember topic as more middle-aged men die in 'disturbing trend' - Calgary - CBC News,166
drifterup Medical News,178
Earn money on short links. Make short links and earn the biggest money - shorte.st,165
Homeless West Palm Beach man is multimillionaire oil heir  | Miami Herald,219
drifterup Medical News,181
12 Telltale Signs Youâ€™re Dating A Total Basic Bro | Thought Catalog,202
drifterup Medical News,226
"""Wow sweetie I love youðŸ˜"" : memes",180
"The Devil, the Witch and the Whore (The Deal Book 1) eBook: Amy Cross: Amazon.co.uk: Kindle Store",171
,252
The Bond Appetit Podcast with Ronsley Seriojo Vaz : 161. Simpatico conference speaker Vicki Webster talks to us about the dark side of leadership,234
Battling Depression After Loss: How You Can Grieve Without Becoming Depressed | Christian News on Christian Today,218
,225
MRI Scans Detect 'Brain Rust' in Patients with Schizophrenia,223
Naomi Judd Reveals She Suffered from Suicidal Depression â€” and Is Still Healing,268
The Amulet: A Greek holiday story with a happily ever after ending - Kindle edition by Effrosyni Moschoudi. Paranormal Romance Kindle eBooks @ Amazon.com.,172
,296
,298
Alan Gross hopes Castroâ€™s death lifts anger and fear about Cuba | Miami Herald,307
"Garfield ""PAWS"" Plush by Play by Play Look Nice   | eBay",269
Vintage Alligator Crocodile Brown Handbag Made in England,253
,301
GIVE IT TO ME ONE TIME! : BlackPeopleTwitter,285
"
	arzillion
",327
Ten Natural Cancer Treatments Proven To Fight Cancer | WorldTruth.Tv,243
"
	Bone density could be one of early indicators of brain degeneration in Alzheimer's disease
",297
,323
Homemade Granola: Recipes That Are Actually Healthy | Greatist,339
The Computer Heist (The Travelers Book 2) - Kindle edition by Michael P. King. Literature & Fiction Kindle eBooks @ Amazon.com.,278
Clean Eating Ground Turkey Recipes | Greatist,348
Too real : funny,315
"Anti-Dark-Heart: Top Selling T-Shirts, Posters, Greeting Cards, Stickers, Wall Art and More | Redbubble",259
Earn money on short links. Make short links and earn the biggest money - shorte.st,293
Secrets Buried in the Lemon Grove - YouTube,373
Earn money on short links. Make short links and earn the biggest money - shorte.st,300
,390
Staged Social Media Management Platform,382
Earn money on short links. Make short links and earn the biggest money - shorte.st,372
180. Sextrafficking: How to Empower with Education to Make a Lasting Change with Nicky Mih,394
drifterup Medical News,392
,403
drifterup Medical News,399
The Bond Appetit Podcast with Ronsley Seriojo Vaz : 100. Get the Bayley Body. Eat a plant based diet with Fraser Bayley,400
"
                U.N. chief Ban may be unwitting loser in South Korea presidential scandal | Reuters",398
What Do Churches Do When Christmas Day Falls On A Sunday? | Christian News on Christian Today,396
Ibuprofen could reduce smokers' risk of death from lung cancer,336
 Work Stress is Killing You: 3 Warning Signs to Stop Stress in itâ€™s Tracks - Open Forest ,216
Woman Stabbed To Death In Attack On Home For Retired Missionaries | Christian News on Christian Today,433
"CPTime, BP, DC, PWO (Prod by Jimbooniebeatz) - CPTime Power Hosted by CPTime, Jimbooniebeatz Mixtape - Stream & Download",401
BTS Wins Best Album of 2016 in PopCrush Fan Choice Awards,450
"Amazon.com: MY WAY TOO: Book Marketing And A Little Bit More! eBook: David P Perlmutter, Julie Tucker: Kindle Store",431
The Difference Between Acne and the Health Condition Called Heat Rash | Men's Health,440
Most Expensive Homes In The World | Luufy,437
NP - Breaking News,360
How To Prepare Your Body & Mind For Winter According To Traditional Chinese Medicine - mindbodygreen,452
,464
New Evacuation Effort Starts in Syriaâ€™s Aleppo | BCNN1 - Black Christian News Network,330
British White Supremacist and Far-Right Terrorist Found Guilty of Murdering U.K. Lawmaker | BCNN1 - Black Christian News Network,342
Pull Out Between Wall and Refrigerator.: 3 Steps (with Pictures),489
"At Least 30 Dead In Suicide Attack On Afghanistan Mosque, Claimed By ISIS | Christian News on Christian Today",474
"Berlin Christmas Market: 12 Dead, 48 Injured After Truck Plows Into Crowd in Terror Attack",495
Christmas list... And checking it once! : BlackPeopleTwitter,469
3 Beliefs to Attain a Victorious Life in Christ | Christian News on Christian Today,478
drifterup Medical News,496
Flex Glove: 3 Steps (with Pictures),504
"Amazon.com: Castle Art Supplies Graphite Drawing Pencils and Sketch Set (40-Piece Kit), Complete Artist Kit Includes Charcoals, Pastels and Zippered Carry Case, Includes Rare Pop-Up Stand",457
"Why Betsy DeVos, School Choice Represent the Future of Education",501
A Chance at Love: A Christian Romance Novel - Kindle edition by T.K. Chapin. Religion & Spirituality Kindle eBooks @ Amazon.com.,476
drifterup Medical News,511
"Lies to Die for (Max Larkin Detective Series Book 2) - Kindle edition by Todd M. Thiede. Mystery, Thriller & Suspense Kindle eBooks @ Amazon.com.",482
North Korea 'hacks South's military cyber command' - BBC News,498
,497
,522
"
                Uganda rejects Amnesty's accusation of extra-judicial killings | Reuters",530
Philippine President Duterte: 'I Paid My Debts to God' but May 'Go to Hell' for Killings,538
Vintage Squirrel Salt Shaker OCCUPIED JAPAN Nice U244 | eBay,527
,523
,505
Abundance for Life | Home,460
Do you see they dicks out? : BlackPeopleTwitter,541
Contact Support,553
"
                Ten policemen in Egypt charged with torturing man to death | Reuters",563
"
	S 1019 : arzillion
",551
classicsqueezegrey - Keith Everett,550
Should You Wear Underwear When You Work Out? - mindbodygreen,559
Earn money on short links. Make short links and earn the biggest money - shorte.st,557
BBC tests 4K iPlayer with 'Planet Earth II',540
Adrienne Bailon and Israel Houghton Open Up About Ending Their Abstinence After Marriage | BCNN1 - Black Christian News Network,493
5 Ways to Eliminate Back Fat,565
International 7500 (2008) : Heavy Duty Trucks,568
"	Suspect in fatal shooting of Tacoma officer shot and killed | 						OregonLive.com",587
Globe Gazette Cheer fund helps spread holiday cheer | Mason City & North Iowa | globegazette.com,607
Stories for Life - the perfect Christmas gift_Mrs H's favourite things,548
HSBC trialling app that automates your savings,596
"	Oregon teen wins $100K grand prize for amazing ingestible battery | 						OregonLive.com",622
Lenovo is bringing Chrome OS to its Yoga Book next year,409
,624
,637
Why Homeopathy Works for Healing,608
Alternative Healing - Alternatives to Doctors and Drugs!,629
How to Make Peppermint Bark : 8 Steps (with Pictures),659
Earn money on short links. Make short links and earn the biggest money - shorte.st,623
"
	Militants attack prison, gun battle rages
",604
"Harvard just released its early admissions decisions â€” here's how many students got in, Business Insider - Business Insider Singapore",672
How To Tell Heâ€™s Into You | Epphany.com,658
Amazon.com: Waking Wolfe (Scott Wolfe Series Book 1) eBook: S.L. Shelton: Kindle Store,613
BTS Wins Best K-Pop Act of 2016 in PopCrush Fan Choice Awards,654
Open Calls for Submissions | Rhonda Parrish,583
,650
14 Reasons The Girl Who Loves â€˜Too Muchâ€™ Is Actually The Best One To Love | Thought Catalog,671
"Fort Dodge man accused of assault, animal abuse arrested in North Iowa | North Iowa Crime & Courts | globegazette.com",691
The Real Answer To Google\'s Most Searched-For Question | Christian News on Christian Today,670
Twitter / Account Suspended,685
Tulsa Police Shoot and Kill Man Who Allegedly Killed Wife and 3 Pets | BCNN1 - Black Christian News Network,647
Wake up Sheeple! : BlackPeopleTwitter,698
Iowa holds on to Heroes Game trophy with decisive win over Nebraska | North Iowa College Sports | globegazette.com,730
"
	Kaduna to flush-out corrupt Judges â€“ Grand Khadi
",704
Home - Fearless Soul - Inspirational Music & Life Changing Thoughts,720
Earn money on short links. Make short links and earn the biggest money - shorte.st,732
"
	Top Stories : arzillion
",708
,739
lil dutty - The Come Up  Mixtape - Stream & Download,700
RIP Carrie Fisher Star Wars Princess Leia Men's Long Sleeve T-shirt New | eBay,733
Earn money on short links. Make short links and earn the biggest money - shorte.st,744
Snapchat photo with cash sends a 19-year-old woman to jail | Miami Herald,773
10 Reasons to Believe In Heaven | BCNN1 - Black Christian News Network,729
drifterup Medical News,768
Don't Let the Race-Baiters on the Right and the Left Divide Us,753
Color me beard. : BlackPeopleTwitter,747
drifterup Medical News,776
Get Sex - Chemistry Between Two people Not just Mad Science,769
Death toll at 73 in Iraq suicide car bomb claimed by Islamic State - Daily Press,807
drifterup Medical News,816
,815
Folding Quarter Knife: 6 Steps (with Pictures),836
Flower brooch pin felt flower brooch felt jewelry wedding,779
"Fort Dodge man accused of assault, animal abuse arrested in North Iowa | North Iowa Crime & Courts | globegazette.com",832
Rape victim fights her attacker over rights to ...,780
Death by Exercise Can Kill You - America Out Loud,640
drifterup Medical News,847
Fortinet 2017 Cybersecurity Predictions: Accountability Takes the Stage ,819
Adam Ruins Everything: The Sinister Reason Weed is Illegal â€“ Weed News,766
DRUNK STONED OR STUPID [A Party Game] - Klookl,846
"7 People Killed, 29 Injured After Derailed Tanker Train Explodes in Bulgaria | BCNN1 - Black Christian News Network",795
"
	An epidemic called MMM
",870
2016 Iowa Newspaper Association all-state football teams | North Iowa High School Football | globegazette.com,913
,905
Amazon.com: Armor All Extreme Wheel & Tire Cleaner (32 fluid ounces): Automotive,868
Antique and vintage home decor and collectibles by Duckwells,887
,924
,903
,920
Happy New Year Photos Download â€“ pembuat,925
"Amazon.com: Attmu 50 PCS Reusable Fastening Cable Ties, Microfiber Cloth 6-Inch Hook and Loop Cord Ties, Black: Electronics",889
"R.I.P., William (Bill) Potts â€” Sculptor of the People | Westword",916
Colourful Illusions,927
Globe Gazette Cheer fund helps spread holiday cheer | Mason City & North Iowa | globegazette.com,944
Toys in the Sun Run parade will impact Broward traffic Sunday morning | Miami Herald,945
Does Casein in Milk Trigger Type 1 Diabetes? | NutritionFacts.org,911
,943
Earn money on short links. Make short links and earn the biggest money - shorte.st,936
Mourners stand vigil for Mason City murder victim | Mason City & North Iowa | globegazette.com,968
,978
Christian Pastor In Turkey Imprisoned And Accused Of Armed Terrorism Links | Christian News on Christian Today,984
drifterup Medical News,958
New Photos Reveal Shocking Horrors Of Life In North Korea\'s Brutal Prison Camps | Christian News on Christian Today,932
"2 accused of gun threat, harassment in Mason City | North Iowa Crime & Courts | globegazette.com",989
 9 Signs Telling You It's Time to Seek Help for your Depressed Teen? - Open Forest ,880
drifterup Medical News,996
Woman Jailed for Beating that Killed Teen Boy Who Talked About Leaving Church Cult | BCNN1 - Black Christian News Network,930
,1000
You need a girl? Just get some keys of a nice car!!! - TOP10 PRANKS,986
Earn money on short links. Make short links and earn the biggest money - shorte.st,985
"
                One Turkish soldier killed in car bomb attack in Syria's al-Bab: army | Reuters",1018
Full Content RSS Feeds Generator,1026
"	Father, aunt accused in death of 15-month-old girl who died of methadone overdose | 						OregonLive.com",1042
Solo Build It! (SBI!) Reviews and Real Life Success Stories,1022
"""How's your year going?"" : funny",1031
Musician Convicted Of Child Abuse Beaten To Death In Church | Christian News on Christian Today,1070
"Morning, November 29th (Spurgeon's Devotional)",1075
Vintage Barware Ceramic Whiskey Cup Martin's Original,1069
11 nutrition tips for your work day - Khaleej Times,1087
Lionel Richie and Mariah Carey Unite For Joint â€˜All the Hitsâ€™ Tour In 2017 | BCNN1 - Black Christian News Network,1078
,1099
,1113
,1109
"Thirteen Turkish Soldiers Killed, 48 Wounded In Car Bomb Attack | Christian News on Christian Today",1117
Could an Antidepressant Prevent Depression After Traumatic Brain Injury? â€“ Healthy Living and Happy Lifestyle,883
"Psychology Around the Net: November 19, 2016 â€“ Healthy Living and Happy Lifestyle",1110
Photos: Christmas by the Lake 2016 | Mason City & North Iowa | globegazette.com,1159
Earn money on short links. Make short links and earn the biggest money - shorte.st,1167
Airbnb outlines where it's willing to compromise with regulators,1168
Blast Furnace Park - Lithgow by Dwight D'Cruz - Photo 104469665 / 500px,1146
,1181
How Sharing Struggles Can Help You Gain More Freedom | Christian News on Christian Today,1185
Various Artists - Mixtape Mafia Vol.1 Hosted by K.O da Pharaoh Mixtape - Stream & Download,1177
Ep. 282: Goal Setting & Focus Beyond Taco Bell and Beer Money with Ryan Ayres â€” Doug Sandler Podcast by the Nice Guys,1190
Josh Marks - StraightJacket  Mixtape - Stream & Download,1183
Jaw-dropping kinky damsel cathy A Tiny Horny A Tiny Nice seeking free sex - Sexting Snap,1176
"
Susan G. KomenÂ® - Los Angeles County Affiliate


",1194
2 Killed in Car Bomb Attack in Southern Turkey | BCNN1 - Black Christian News Network,1154
,1208
Russian Reality TV Contest Allows For Rape & Murder,1224
,1221
,1205
Lauren Jauregui Wins Best Social Media of 2016 in PopCrush Fan Choice Awards,1223
,1228
Happy New Year JC Fam!! â€“ Celebrity News South Africa,1209
Earn money on short links. Make short links and earn the biggest money - shorte.st,1226
"Abraham-Hicks on Health, Healing and the Law of Attraction",1234
,1261
"
  Pay-for-performance drug pricing: Drugmakers asked to eat costs when products don't deliver  - Modern Healthcare
",1243
"
                Jordanian gunmen planned wider attacks: minister | Reuters",1262
How To Deal With Loss & Grief During The Holidays - mindbodygreen,1247
Chuck Noll: His Life's Work: Michael MacCambridge: 9780822944683: Amazon.com: Books,1241
,1293
,1281
Famous Landmarks Being Built | Epphany.com,1284
,1292
,1297
Conservative advice for Trump on Cuba | Miami Herald,1320
Stray cat murdered by neighbour caused its carer to suffer depression,1301
Mysterious â€˜Craterâ€™ in Antarctica Is the Result of Ice Melt | BCNN1 - Black Christian News Network,1206
Etsy :: Your place to buy and sell all things handmade,1300
drifterup Medical News,1325
,1355
"The NFL has added a skills competition to the Pro Bowl â€” including dodgeball! â€” in an effort to make the event more interesting, Business Insider - Business Insider Singapore",1369
It's the beginning of the end for NASA's Cassini spacecraft,1377
The exponential strip formula. : BlackPeopleTwitter,1346
drifterup Medical News,1371
"With 9 Dead and 24 Still Missing, Mourners Gather at Church to Remember Victims of Oakland Fire | BCNN1 - Black Christian News Network",1258
drifterup Medical News,1384
Inspirational Female Entrepreneurs,1380
Nutrition 101: Eat To Build Lean Muscle,1392
drifterup Medical News,1404
Google WiFi review: A hassle-free router comes at a price,1405
drifterup Medical News,1439
,1444
"
                Air strikes kill 73 in rebel-held Idlib province: war monitor | Reuters",1452
Oopsâ€¦Leak Shows Rex Tillerson is Director of U.S.-Russian Oil Company in the Bahamas | BCNN1 - Black Christian News Network,1430
,1418
Fisher Price Baby Meth Lab Kit - Just in time for Christmas! : memes,1428
drifterup Medical News,1454
Earn money on short links. Make short links and earn the biggest money - shorte.st,1467
Resentment Can Damage Marriage Even More Than Cheating,1472
Who Do You Love?,1491
drifterup Medical News,1513
Ever Wondered What That Convex Mirror Is Doing Next To Your ATM Machine? | WorldTruth.Tv,1493
"Augustus Tolton, First African American Priest In U.S., Is One Step Closer to Becoming a Saint More Than Century After His Death | BCNN1 - Black Christian News Network",1376
,1530
Book trailer When the Dead Speak the Art & Science of Paranormal Investigating Coming Fall 2015 - YouTube,1537
MEMBS | News | Details,1523
Uplifting : dankmemes,1534
Eating Raw Foods vs. Cooked Foods: Which is Better?,1571
Holiday Gift Ideas for Women Who Love Fitness | Fitness Magazine,1564
Predictive #Analytics and #IoT | @ThingsExpo @Ontegrity #BigData #AI #ML #DL | @ThingsExpo,1475
"
	S 1019 : arzillion
",1567
drifterup Medical News,1575
" 
            Right Relevance : Influencers, Articles and Conversations
        ",1573
,1605
Slice of a Tree Table: 5 Steps (with Pictures),1621
Earn money on short links. Make short links and earn the biggest money - shorte.st,1610
The prequel : BlackPeopleTwitter,1607
7 Things I Swore I'd Never Do As A Mom â€” But Ended Up Doing Anyway - mindbodygreen,1611
Earn money on short links. Make short links and earn the biggest money - shorte.st,1615
Pay It Forward in a Take It All World â€” Doug Sandler Blog,1633
,1648
drifterup Medical News,1662
From Addiction To Zika: The Biggest Health Stories Of 2016 | Kaiser Health News,1668
"Pamplin Media Group - Here we go again: snow, ice hitch a ride on blast of arctic air",1577
"
	Islamic cleric jailed for stealing, assault
",1631
Amazon.com: BFGoodrich All-Terrain T/A KO2 Radial Tire -LT275/70R18/E 125/122R: BFGoodrich Tires: Automotive,1630
"	Milwaukie-area man guilty of attempted rape of teen, sentenced to more than a year in prison | 						OregonLive.com",1680
Account Suspended,1678
The US Congress Committee calls for the regulation of digital currencies | Bitcoin news,1704
Hampton woman killed in 3-vehicle accident Friday night | Mason City & North Iowa | globegazette.com,1690
drifterup Medical News,1705
Essential Oils for the Skin to Keep You Looking Great,1706
Naomi Judd Opens Up About Battle with Suicidal Depression,1728
,1737
Climate scientist who got death threats says he fears more attacks under Trump,1691
,1738
"nice CushCase iPad Pro Sleeve Case Cover - 9.7 inch Tablet - Water Resistant Canvas (Fits iPad Pro 9.7, Navy Blue) | Apple | Pinterest | Chromebook, Ipad pro aâ€¦",1718
Earn money on short links. Make short links and earn the biggest money - shorte.st,1724
drifterup Medical News,1744
"How to Get the Most Out of Therapy | Justin Lioi, LCSW - Brooklyn, NY",1752
Ibuprofen could reduce smokers' risk of death from lung cancer,1711
,1790
"ISIS Use of Human Shields Slowing Down Recapturing of Mosul, Iraqi Minister Says",1807
Earn money on short links. Make short links and earn the biggest money - shorte.st,1772
drifterup Medical News,1788
Major HIV-Vaccine Trial Set to Begin in South AfricaÂ ,1813
Save on excellent pair of Bluetooth earbuds â€” and more of today's best deals from around the web - Business Insider,1822
"""He ... will rejoice over you with singing""  I love this description of God's affection for us: He doesn't just love us (although there's no ""just""â€¦ | Pinteresâ€¦",1765
LaudableApps - Product Hunt,1777
I'm a dirty perverted liar. : AdviceAnimals,1753
,1833
ADHD Test for Adults - YouTube,1829
drifterup Medical News,1820
My Prison Without Bars: The Journey of a Damaged Woman to Someplace Normal - Kindle edition by Taylor Evan Fulks. Literature & Fiction Kindle eBooks @ Amazon.com.,1789
drifterup Medical News,1816
drifterup Medical News,1852
Earn money on short links. Make short links and earn the biggest money - shorte.st,1842
That's my best friend that's my best friend : BlackPeopleTwitter,1849
Police Arrest Berlin Metro Attacker Who Kicked Woman Down Stairs In Random Act of Violence | WorldTruth.Tv,1837
Earn money on short links. Make short links and earn the biggest money - shorte.st,1878
"
	arzillion
",1880
"
                Suicide bombs kill 30 in northeast Nigerian town: army spokesman | Reuters",1888
Adidas Yeezy Boost 350 â€“ Turtle Dove - sz 12 â€“ AUTHENTIC AQ4832  | eBay,1875
drifterup Medical News,1891
Earn money on short links. Make short links and earn the biggest money - shorte.st,1879
Amazon.com: Fitbit Alta Chargerâ€”â€”Hagibis Black Replacement Usb Charger Cable For Smart Watch Fitbit alta Band Carry the Restart Button: Cell Phones & Accessories,1866
,1912
,1918
Brain Scars From Combat Injuries Linked to Depression In War Veterans,1949
,1906
"
                Venezuela power clash resumes after Vatican-led talks falter | Reuters",1960
"A woman's brain changes in profound ways after she gives birth, new study shows",1982
"Suspect in Tacoma, Washington Police Officerâ€™s Death Shot and Killed, 2 Kids Used as Human Shields Rescued | BCNN1 - Black Christian News Network",1972
,1967
"
                Dozens of Afghans deported from Germany as Merkel takes firmer line | Reuters",2028
"This resident works 100+ hours per week, but is still a poorly trained surgeon",1956
"President Obama Signs Mental Health Bill, and Other News",2022
"Mother in China with post-natal depression stabs her five children, killing four",2052
160. Simpatico conference speaker and master communication expert Lisa Lockland-Bell,2061
"
                Bomb kills four Somali soldiers as forces mull attack on Islamic State | Reuters",2065
Chattanooga Bus Driver Was Speeding in Fatal Crash That Killed 6 Children | BCNN1 - Black Christian News Network,2055
'Fatal' flaws found in medical implant software - BBC News,2040
Etsy :: Your place to buy and sell all things handmade,2043
Pamela Geller Stands by Story Claiming Texas UMC Church Is Embracing Radical Islam,2081
"ADP says Businesses Added Over 216,000 Jobs in November | BCNN1 - Black Christian News Network",2075
The Bond Appetit Podcast with Ronsley Seriojo Vaz : 161. Simpatico conference speaker Vicki Webster talks to us about the dark side of leadership,2084
"Cuban artists 'El Sexto' is beaten by authorities, family says  | Miami Herald",2096
Earn money on short links. Make short links and earn the biggest money - shorte.st,2099
"Anxiety, Depression Plague Cancer Survivors",2092
,2108
"Photo Gallery: Exhibits on display at Design Miami | Nov. 29, 2016 | Miami Herald",2110
"Billy Graham Didn't Expect His Children to 'Catch Faith,' Daughter Anne Graham Lotz Reveals",2126
,2137
Light up the holiday night with spectacular fireworks - Daily Press,2134
13 Reasons to Start Bodyweight Training | Greatist,2148
,2139
My Sheep - jump'n'run game ðŸ‘ â€“ Android Apps on Google Play,2140
"Apple iPhone 8 to be More Expensive Than iPhone 7S, 7S Plus",2187
"	Jim Harbaugh tells Michigan players he's not leaving, says NFL rumors are 'lies' | 						MLive.com",2178
Globe Gazette Cheer fund helps spread holiday cheer | Mason City & North Iowa | globegazette.com,2180
Facebook posts now come with colorful backgrounds,2159
"
                Wilders calls conviction is 'insanity', against 'half the Netherlands' | Reuters",2194
Donald Trump Picks Rep. Mick Mulvaney for Office of Management and Budget | BCNN1 - Black Christian News Network,2203
Mourners stand vigil for Mason City murder victim | Mason City & North Iowa | globegazette.com,2223
Prolific,2212
Shameer Khan (@ShameerNYC) | YouNow LIVE,2225
,2237
Podcast by the Nice Guys â€” Doug Sandler,2231
Audioboom / 18: Copywriting for podcasts and how to get found more with Kate Toon,2245
FBC News,2248
,2272
"	Is Pluto actually a planet? | 						OregonLive.com",2283
"
                Man arrested in Sweden on terrorism charges following mosque arson: SVT | Reuters",2305
,2315
It's not nice to have favourites... - Mum Muddling Through,2243
"A faulty outlet and faulty windows killed mom and 2 kids, lawsuit says | Miami Herald",2331
Iowa Parents Arrested After Starving Their 16-Year-Old Daughter to Death and Abusing 2 Other Children | BCNN1 - Black Christian News Network,2319
A Biblical Perspective on Divorce and Remarriage | BCNN1 - Black Christian News Network,2332
allumeuse Â» nhentai: hentai doujinshi and manga,2312
19 Reasons for Chronic Underperformance | The Exhausted Woman,2335
Southridge football team tries to extend shutout streak to eight | Miami Herald,2347
"Three Common Causes Of Bloating, And How To Prevent Each - mindbodygreen",2359
"Weather: Blowing, drifting snow reported in North Iowa | Mason City & North Iowa | globegazette.com",2369
"Amazon.com: 925 Sterling Silver Good Luck Irish Celtic Knot Triangle Vintage Pendant Necklaces for Women Girls, 18"": Jewelry",2341
"
                Pakistan says children hurt, driver killed in Indian firing in Kashmir | Reuters",2379
Earn money on short links. Make short links and earn the biggest money - shorte.st,2378
Earn money on short links. Make short links and earn the biggest money - shorte.st,2382
360 Degree Video: The making of medical marijuana in Florida - Fox 4 Now WFTX Fort Myers/Cape Coral,2370
Man Charged With Murder in Death of Tyson Gayâ€™s 15-Year-Old Daughter | BCNN1 - Black Christian News Network,2381
"Crucifixion, Torture And Sex Slavery: The Cost Of Being A Christian Under Islamic State | Christian News on Christian Today",2383
drifterup Medical News,2389
drifterup Medical News,2390
Anger and Outrage Grow Among Egyptâ€™s Christians After Suicide Bomber Kills 24 at Coptic Cathedral | BCNN1 - Black Christian News Network,2416
Amish Pie Recipes eBook: Mary Jameson: Amazon.co.uk: Kindle Store,2401
"
	Goodvibras | Addiction Treatment With 35' Isochronic Tones & White Noise | CD Baby Music Store
",2399
Baritone saxophone drawing music instrument home decor wall,2419
,2425
Curtains for Garage Shelving: 5 Steps (with Pictures),2438
"
	Suicide bomb kills 48 soldiers in payday queue
",2430
"Reliance Jio Happy New Year Offer Kicks In; High-Speed Data Cap Set at 1GB Per Day  Shekhar Thakran, 02 January 2017 â€“ joshsite.net",2455
Earn money on short links. Make short links and earn the biggest money - shorte.st,2473
"2 accused of gun threat, harassment in Mason City | North Iowa Crime & Courts | globegazette.com",2485
2016 Michigan Football Bust,2503
"December 15, 2016: Wellness News You Need To Know - mindbodygreen",2515
drifterup Medical News,2534
"Nike KD trey 5 iv (GS) shoes size 4.5 Youth new with box very nice - Brand name fashion sunglasses , bags ,shoes",2506
Mind-Body Power To Heal Your Body! ,2531
Apple Music has 20 million paid subscribers,2539
Earn money on short links. Make short links and earn the biggest money - shorte.st,2543
2016: a positive and sparkly year review - Grandiose Days,2481
This website is currently unavailable.,2555
"
	Top Stories : arzillion
",2548
drifterup Medical News,2565
"	Henry J. Heimlich, creator of anti-choking maneuver, dies at 96 | 						OregonLive.com",2573
"Conservatives react with skepticism and alarm to Facebook's war on 'fake news', Business Insider - Business Insider Singapore",2589
"Drama Channels, Middle aged, Sensitivity",2590
,2594
How Franceâ€™s Fight With Islam Became a Bestseller â€“ Foreign Policy,2607
AQUARELA SABOL  |  A R T Â· BOit7IOBT3s Â· iNSPIRE Â· ifckr.com,2572
à¸™à¸´à¸¢à¸²à¸¢ END. [ Got7 ] #WYD - MarkBam > à¸•à¸­à¸™à¸—à¸µà¹ˆ 6 : OS : Happy New Year : Dek-D.com - Writer,2621
Syco scores 30th UK No.1 album as Little Mix sell 96k week one - Music Business Worldwide,2625
Fantasia Barrino Reveals How She Dropped 20 Pounds | BCNN1 - Black Christian News Network,2647
"WATCH: Is This Another Terrorist Attack on a Homosexual Night Club? 9 Dead, 25 Missing In Huge Fire at Oaklandâ€™s â€˜Rave Caveâ€™ | BCNN1 - Black Christian News Network",2655
"
                Gunshots, celebrations and protests in Haiti after presidential vote results | Reuters",2658
,2667
drifterup Medical News,2643
15-Year-Old Ohio Girl Accused of Killing Abusive Father Wonâ€™t Face Life Sentence | BCNN1 - Black Christian News Network,2669
FBC News,2681
"UST â€˜almost drug-free,â€™ says health service | The Varsitarian",2677
Budget for San Cristobal de las Casas | DFTM Travel,2689
The Elloree  What a cute little house!  nice floor plan and I love the porch.  ~ Great pin! For Oahu architectural design visit http://ownerbuiltdeâ€¦ | Pinteresâ€¦,2703
,2712
Medical Marijuana Accommodation Optional For Businesses | WUWF,2711
,2708
Jennifer M (@Jennifermzzz) | Twitter,2722
Earn money on short links. Make short links and earn the biggest money - shorte.st,2723
Get your Hell Computer to stop listening to Death Metal â€“ Biblio's Blood,2729
Frankly Speaking....,2733
Saturnâ€™s Child,2751
"Amazon.com: Upgraded Digital Tire Pressure Gauge, iTavah Integrated Closed, Straight Lock-On Air Chuck, LCD Backlit Screen, Digital Tire Inflator with 90 Degree (Jupiter Red): Automotive",2748
"Amazon.com: Rain-X 5079281-2 Water Repellency 2-n-1 Wiper Blades, 26"" (Pack of 1): Automotive",2755
Radioactive fish from Fukushima nuclear plant found on west coast of US â€“ NaturalNews.com,2756
Email Writing Tips: How to Get Someone to Reply | Greatist,2763
Trump Appoints Former FEC Chairman Donald McGahn as White House Counsel | BCNN1 - Black Christian News Network,2758
VIDEO : Fake News CNN Desperately Tries to Put a NEGATIVE SPIN on Trump&#8217;s Carrier AC Victory,2774
"13 Soldiers Killed, 48 Others Wounded in Car Bomb Attack in Central Turkey | BCNN1 - Black Christian News Network",2781
Heimlich manoeuvre creator dies at 96 - World - CBC News,2777
52 Soldiers and Police Killed by Suicide Bomber in Yemeni Port City | BCNN1 - Black Christian News Network,2773
"2 accused of gun threat, harassment in Mason City | North Iowa Crime & Courts | globegazette.com",2784
"	One killed, two others injured after stolen car crashes in Vancouver | 						OregonLive.com",2793
College Football Player Charged With Murder in Death of High School Cheerleader | BCNN1 - Black Christian News Network,2806
Bodyweight Workout You Can Do Anywhere | Greatist,2818
,2813
"Psychology Around the Net: November 26, 2016 â€“ Healthy Living and Happy Lifestyle",2795
Hot Celebrity Siblings | Luufy,2805
Earn money on short links. Make short links and earn the biggest money - shorte.st,2790
32 People Killed After Suicide Bomber Strikes Shiite Mosque in Kabul | BCNN1 - Black Christian News Network,2825
Earn money on short links. Make short links and earn the biggest money - shorte.st,2821
Earn money on short links. Make short links and earn the biggest money - shorte.st,2833
Earn money on short links. Make short links and earn the biggest money - shorte.st,2841
Federal Survey Debunks Marijuana-Youth Myth (Again) â€“ Weed News,2850
drifterup Medical News,2857
Happy New Year! â€“ CO Blog,2826
Magic Leap CEO responds to 'grumpy mouse tech blogger writers',2859
Let me tell you Trump supporters have great geography. They have the best geography : BlackPeopleTwitter,2852
Resentment Can Damage Marriage Even More Than Cheating â€“ Healthy Living and Happy Lifestyle,2871
Use This Content Marketing Checklist to Skyrocket Your Productivity - Copyblogger,2869
Opioid-Dependent Babies Up at Rural Hospitals,2887
Santa wrapped them : funny,2854
Earn money on short links. Make short links and earn the biggest money - shorte.st,2885
Earn money on short links. Make short links and earn the biggest money - shorte.st,2889
"The New York Times | ""While depression threatened to drown me, movies helped...",2903
Earn money on short links. Make short links and earn the biggest money - shorte.st,2902
A Guide to Cultivating A Career on Game Design,2891
Etsy :: Your place to buy and sell all things handmade,2905
'Secondary Trauma': When PTSD is Contagious - The Atlantic,2908
"5 People, Including Heart Attack Patient, Killed in Helicopter Crash in Iran | BCNN1 - Black Christian News Network",2897
Naomi Judd Suicide Shocker! Country Star Admits Depression Battle In New Tell-All,2939
Tragic suicide of a bullied gay 13-year-old mourned on Twitter,2978
Dogs live in fear of death every day at an abandoned meat dog-breeding farm - Stop the Dog and Cat Consumption in S. Korea!,2972
"Aleppo 'Hell-Hole': Children Burned Alive, Women Killing Themselves to Avoid Being Raped",2994
Wait what? : BlackPeopleTwitter,2976
FBi 94.5FM Program | FBi Radio,2967
Etsy :: Your place to buy and sell all things handmade,2995
Earn money on short links. Make short links and earn the biggest money - shorte.st,2990
Who's dumber? him or the simpleton ass hoes who listen to his dumb ass explanation and let him hit it raw! : BlackPeopleTwitter,2991
Sigfox is coming to Hong Kong - Business Insider,3016
,3019
,3033
"[Success Story Saturday] â€œIt Was Nice Waking Up to 3 Commission Notifications This Morning"" â€¢ My Lead System PRO - MyLeadSystemPRO",2964
Earn money on short links. Make short links and earn the biggest money - shorte.st,3027
Red Jasper Earrings Jasper Gemstone Earrings Root Chakra,3018
"Photo gallery: Fidel Castro's ashes pass along the main road through Las Tunas, Cuba | Fri., Dec. 2, 2016 | Miami Herald",3050
Amazon.com: Wishful Drinking eBook: Carrie Fisher: Kindle Store,3008
How Has Mel Gibson Pulled Off Hollywoodâ€™s Most Unlikely Comeback? Vile Racist Rants and Domestic Abuse Destroyed his Career. Now heâ€™s Nominated For a Golden Globe. | BCNN1 - Black Christian News Network,3043
"Quotemeal for Friday, December 9, 2016",3036
Mourners stand vigil for Mason City murder victim | Mason City & North Iowa | globegazette.com,3054
Earn money on short links. Make short links and earn the biggest money - shorte.st,3062
drifterup Medical News,3072
When you dig some kicks but keep your gas game on point : BlackPeopleTwitter,3052
"Yo, you got a skitty? : BlackPeopleTwitter",3063
"Amazon.com: Doug J. Cooper: Books, Biography, Blog, Audiobooks, Kindle",3074
Are You Car Poor? - Kaz-LifeBalance.com,3006
Earn money on short links. Make short links and earn the biggest money - shorte.st,3093
drifterup Medical News,3113
Driver In Fatal Baltimore School Bus Crash That Killed Him and Five Others Was Speeding and Had a History of Causing Car Wrecks | BCNN1 - Black Christian News Network,3105
drifterup Medical News,3131
Oxytocin Axe - Best Pheromones Reviewed - a Review of the 3 Best Pheromones,3130
Earn money on short links. Make short links and earn the biggest money - shorte.st,3117
Earn money on short links. Make short links and earn the biggest money - shorte.st,3118
Just 1 Cigarette a Day Can Be Deadly: Study ,3165
"
	arzillion
",3146
drifterup Medical News,3183
Earn money on short links. Make short links and earn the biggest money - shorte.st,3179
"Woman &#039;suffering, bedridden&#039; in prison after starving Chihuahua to death ",3193
Pastor Suffers Fatal Heart Attack After Singing \'In His Presence\' At Florida Church | Christian News on Christian Today,3181
Earn money on short links. Make short links and earn the biggest money - shorte.st,3185
The Social Club: A Shelter in the Storm â€“ Healthy Living and Happy Lifestyle,3189
Happy Diaversary Gifs,3168
Did You Know: Alice in Wonderland | Luufy,3201
Yemen In Crisis: DEC Launches Emergency Appeal As Millions Starve | Christian News on Christian Today,3187
"SHOCK MARKET WARNING: US must prepare for â€˜once in lifetimeâ€™ COLLAPSE, warns top economist",3195
Ibuprofen could reduce smokers' risk of death from lung cancer,3149
9 tips for running in fancy dress - Runner's World,3271
,3247
"MOST POWERFUL  DUA To Remove Stress, Worry, Anxiety, Grief, Sorrow, Depression & Distress á´´á´°",3253
Globe Gazette Cheer fund helps spread holiday cheer | Mason City & North Iowa | globegazette.com,3296
NBA Kicks of the Night - Gizmorati,3257
Mourners stand vigil for Mason City murder victim | Mason City & North Iowa | globegazette.com,3277
This item is unavailable,3303
The Origin of Black Science Man : BlackPeopleTwitter,3281
7 Incredible Results You'll Get From Walking 30 Minutes A Day | Prevention,3324
Girls SilverTone Heart Necklace Nice # 4 | eBay,3314
MY DEPRESSION AND BEING BULLIED EXPEREINCE | Samantha Wicks,3318
Why vaccines spread disease; an in-depth analysis of flawed vaccination science - NaturalNews.com,3338
"
	How To : arzillion
",3209
"
	MMJ Stock symbol NDEV
",3346
On Sale 11 Blue and White Speckled Ceramic Cabinet Knobs,3312
"another stupid, emo and fangirl blog ,, blog - michael + crystal = Â¿<3? - Wattpad",3230
3 quick facts about memory.:Brainstorm Psychology,3331
Earn money on short links. Make short links and earn the biggest money - shorte.st,3329
"	This Oregon professor is not the David Friedman you're looking for  | 						OregonLive.com",3352
Earn money on short links. Make short links and earn the biggest money - shorte.st,3341
Male sex enhancement capsule and diet capsule recalled over ingredients | Miami Herald,3387
drifterup Medical News,3373
drifterup Medical News,3402
UN says it's getting daily reports of rapes and killings in Myanmar - Business Insider,3437
"Year of Yes: How to Dance It Out, Stand In the Sun and Be Your Own Person: Shonda Rhimes: 9781476777122: Amazon.com: Books",3361
Felted cat  cat figure needle felted small cat toy cat,3394
drifterup Medical News,3430
,3429
Earn money on short links. Make short links and earn the biggest money - shorte.st,3416
drifterup Medical News,3435
Could an Antidepressant Prevent Depression After Traumatic Brain Injury?,3413
"
	Kwara Prisons Command denies beating 6 inmates to death
",3423
Michigan Firefighter Fired After Racist Rant On Facebook,3425
"
                Filipinos fear extrajudicial killings, but approve of drugs war: survey | Reuters",3458
Toys That All Children Had | Epphany.com,3457
,3470
drifterup Medical News,3487
"
                China, U.S. 'appropriately handling' seizure of drone, China says | Reuters",3530
Earn money on short links. Make short links and earn the biggest money - shorte.st,3494
drifterup Medical News,3527
BTS Wins Best Group of 2016 in PopCrush Fan Choice Awards,3546
Biith Brazy! : BlackPeopleTwitter,3507
"Sex, Lies &amp; Loneliness: Gary Condit Confesses Depression Battle After Chandra Levy Scandal",3565
,3558
,3495
Earn money on short links. Make short links and earn the biggest money - shorte.st,3537
Empathy Maps: A Complete Guide to Crawling Inside Your Customer's Head,3570
Felt art sculpture with lots of colors wool sculpture,3526
"
	Suicide car bomb explodes at checkpoint, kills bomber
",3536
"	Evicted man shoots N. Portland apartment staff, police say | 						OregonLive.com",3579
Jessica Whelan cancer death: Four-year-old who touched hearts dies - BBC News,3520
HIV and AIDS: What to Know in 2016 | Greatist,3585
Make It - Box Joint Box: 7 Steps (with Pictures),3597
LINE PLAY,3594
FBC News,3601
How to Choose Healthy Fast Food Meals | EZWellnessClub,3544
"Tuscany, Italy - WTG GLOBAL",3410
"EPA to consider banning asbestos, other chemicals | TheHill",3616
How a former model decided to launch an app to tackle mental illness  |  TechCrunch,3590
"
	Presence of tumor DNA in blood linked to poor outcomes in pancreatic cancer patients
",3593
PRESENTS PARENTAL ADVISORY EIPLICIT CONTENT One OF MY Favorite Hip Hop Albums of All Time TheAdventuresOfBobbyRay HipHop Rap Rapper MC Emcee Music | Meme on SIZZLE,3610
Opening the Tomb of Jesus,3667
Earn money on short links. Make short links and earn the biggest money - shorte.st,3627
Rihanna + Prince Harry Get Tested for HIV on World AIDS Day,3697
Thousands Demand Turkey Release US Pastor Jailed On Terrorism Charges | Christian News on Christian Today,3628
"Fort Dodge man accused of assault, animal abuse arrested in North Iowa | North Iowa Crime & Courts | globegazette.com",3647
Mason City attorneys elected to state board | Mason City & North Iowa | globegazette.com,3671
"
                Colombia's president, opposition rival to meet with Pope Francis | Reuters",3726
Branstad pick weighs on 2018 election | Iowa & The Midwest | globegazette.com,3703
Empedate o emprende: Bebe una vida o disfruta tu vida eBook: Roberto CÃ³rdova: Amazon.com.mx: Tienda Kindle,3636
,3734
Bellevue man arrested on sexual assault charges,3724
On Black Men and Mental Health,3736
Analysis of @mwongelaf FOLLOWERS,3730
AC/DC impairs male gaming performance,3664
" Vintage Thetford Flower Tray Serving Platter Nice 14"" U204 | eBay ",3727
Mediterranean Diet Benefits for Wellness and Healing,3746
Chapter 5 â€“ Biblio's Blood,3753
"
                Azerbaijan criminalizes defamation of the president online | Reuters",3759
,3760
Audioboom / 53. From massage therapist to podcaster to speaker with Kristie Melling,3756
drifterup Medical News,3788
"
	High BMI or fat mass linked to increased risk for SUI and UUIÂ in older women
",3794
Miami considers leasing cityâ€™s riverside headquarters to developer | Miami Herald,3813
Neck Stretches: How to Relieve Neck Pain | Fitness Magazine,3686
,3820
SeaWorld will transform Kraken into a virtual reality roller coaster | Miami Herald,3854
,3827
WARNING: Regularly Doing THIS in The Shower Could Double Your Risk of Cancer | WorldTruth.Tv,3772
,3837
,3805
Flavor Town : memes,3855
!K7 launches 'neo-classical hub' 7K! with label services offering - Music Business Worldwide,3840
"AddictionRevival on Twitter: ""#addiction #recovery roadâ€¦ """,3894
Facts About Palm Oil and Palm Kernel Oil | Shape Magazine,3859
Waiting for this day when the perfect only wise God-man rules the earth and brings peace and justice! The baby in the manger is a King! Spirit and â€¦ | Pinteresâ€¦,3874
"	Body found floating in Willamette River near Swan Island | 						OregonLive.com",3931
Soompi Awards 2016 Voting | Soompi,3861
,3937
,3952
Earn money on short links. Make short links and earn the biggest money - shorte.st,3906
,3899
"Ulcerative Colitis Pictures: Warning Signs of UC, How It's Different From Crohn's and More",3963
drifterup Medical News,3971
Wooden Radar Tower Toys | Working Rotating Antenna: 5 Steps (with Pictures),4000
Earn money on short links. Make short links and earn the biggest money - shorte.st,3946
Christmas Magic at Skylands Stadium | Mommy University,3956
,4004
Earn money on short links. Make short links and earn the biggest money - shorte.st,3998
You gotta love this smile! He lights up my life ... when he's not making me chase him around the house for a nap or diaper change. | Pinterest | Diapers,3953
drifterup Medical News,4048
How Obesity Affects the Human Brain â€“ Healthy Living and Happy Lifestyle,4065
Enter to win this AMAZING book! | Inspirational | Pinterest | Books,4038
"Over 70 Killed, 20 Wounded in ISIS Truck Bomb Attack Near Baghdad | BCNN1 - Black Christian News Network",4063
,4091
"
	S 1019 : arzillion
",4058
,4090
North Iowa sports notes: Mason City tripped up by Des Moines Roosevelt | North Iowa High School Girls Basketball | globegazette.com,4104
Earn money on short links. Make short links and earn the biggest money - shorte.st,4082
drifterup Medical News,4105
Tracey Meredith. Middle Grade to Young Adult stories : BARRY & the Dinosaur King,4097
drifterup Medical News,4111
"2 accused of gun threat, harassment in Mason City | North Iowa Crime & Courts | globegazette.com",4125
Using Homeopathic Alternative Medicine vs Prescription Drugs,4116
"
	Many cancer survivors suffer from anxiety and depression, study finds
",4135
Goture 200pcs/lot Stainless Rolling Swivel With Nice Snap MS+ZQ Hooks Lure Connector Sea Rock Fishing Swivels Snaps Tackle-in Fishhooks from Sports & Entertainment on Aliexpress.com | Alibaba Group,4140
Best Phermone Cologne - How to Attract Love With the Modern Love Charm,4149
"ISIS Suicide Attack Kills 48 People, Wounds Dozens More in Yemen | BCNN1 - Black Christian News Network",4153
How to create a table of contents â€“ Web-ID,4102
Photos: North Iowa Bulls vs. New Ulm | North Iowa Bulls | globegazette.com,4184
,4178
ICBC Heads to San Francisco Before Making the Trek to Berlin â€“ Weed News,4170
"
                Kurdish traders gearing up to take over Mosul trade from Syrians | Reuters",4209
180. Sextrafficking: How to Empower with Education to Make a Lasting Change with Nicky Mih,4204
Bavaria H & J Co Pink Rose Oblong Vegetable ~ Celery Dish Look Nice U1230 | eBay,4198
Alabama Couple Planted Fake Bomb at Elementary School and Planned to Kill Police Officers to Start Race War | BCNN1 - Black Christian News Network,4203
drifterup Medical News,4224
Earn money on short links. Make short links and earn the biggest money - shorte.st,4222
Most Legendary Club Captains | Epphany.com,4238
drifterup Medical News,4245
Justin Bieber says Instagram is â€˜For the Devilâ€™ | BCNN1 - Black Christian News Network,4277
"
                Militiamen attack prison in east Congo, sparking gun battle | Reuters",4282
Hereâ€™s What Kind Of Dog You Are Based On Your Myers-Briggs Personality Type | Thought Catalog,4289
drifterup Medical News,4310
"Amazon.com: Doctor Who: The Complete Seventh Series (Blu-ray): Matt Smith, Jenna Coleman, Karen Gillan, Arthur Darvill, Paul Kasey, Kevin Hudson, Ruari Mears, Alex Kingston, Steven Moffat: Movies & TV",4261
Poor cardiorespiratory fitness is a major risk factor for depression,4320
Podcast - Tips to get the listener to become a member at an event,4259
Gender gap in medicine remains in the spotlight in 2016,4302
drifterup Medical News,4356
How Slavery Was Never Abolished & Simply Evolved Into The Prison System | WorldTruth.Tv,4322
Earn money on short links. Make short links and earn the biggest money - shorte.st,4361
Earn money on short links. Make short links and earn the biggest money - shorte.st,4362
,4366
"
                Two girl suicide bombers kill at least three in Nigeria's Maiduguri: official | Reuters",4375
This Woman Took Pics in 6 Different Pant Sizes to See How They Compared | Women's Health,4372
Bavaria H & J Co Pink Rose Lot of 2 Saucer Dishes Look Nice U1230 | eBay,4368
How To Empower Employees To Improve Company Performance,4394
Portland Police,4384
Miami Heat continues to deal with injuries on road trip | Miami Herald,4397
Andrew Luck at Brilliant Best In First Game Back Since Concussion; Colts Pound Jets 41-10 | BCNN1 - Black Christian News Network,4392
73 Questions - Mrs H's favourite things,4355
8 Methods to Grow Hair Faster â€“ Healthy Living and Happy Lifestyle,4400
Nobody expected this... : funny,4389
drifterup Medical News,4413
 5.0 out of 5 stars A nice crystallization of The... - Loveâ™ ï¸ŽEngineers,4415
"The first 'Super Mario' game for iPhone is excellent, gorgeous, and too short, Business Insider - Business Insider Singapore",4446
How To Get a Promotion Without Working Yourself To The Bone â€“ Healthy Living and Happy Lifestyle,4426
Here's When to Say Somethingâ€”and When to Keep Your Mouth Shut | Greatist,4431
,4448
"Happy birthday Mel Gibson! #melgibson #birthday #quote #braveheart #signs #lethalweapon #thepatriot | Blog Mundo de Cinema | Pinterest | Braveheart, Mel gibsonâ€¦",4423
"
                China detains nine for collapsed power plant disaster that killed 74 | Reuters",4468
"
                German police arrest Iraqi rape suspect, leaders warn against backlash | Reuters",4483
,4473
Account Suspended,4472
Secrets Buried in the Lemon Grove - YouTube,4507
Alex Arthur lifts lid on Hell he suffered after quitting including depression,4526
,4509
Video: Mason City man formally charged with murder for woman's death | North Iowa Crime & Courts | globegazette.com,4527
drifterup Medical News,4543
Picarto.TV - Cheeks' Channel,4503
"
	Top Stories : arzillion
",4520
"
	arzillion
",4545
This subscription box is the perfect gift for dog lovers this holiday season - Business Insider,4558
Bodyweight Workout: A 30-Minute HIIT Routine That Makes Time Fly By | Greatist,4595
,4584
Pokemon Go: Exercise impact 'short-lived' - BBC News,4539
"Tracey Meredith. Middle Grade to Young Adult stories : Conwy, North Wales. What to do when your husband is busy looking for collectibles.",4615
Brooch flower felt felted jewelry clothing decoration wet,4603
drifterup Medical News,4642
Earn money on short links. Make short links and earn the biggest money - shorte.st,4646
"#UglySweaterWave Tickets, Wed, Dec 21, 2016 at 10:00 PM | Eventbrite",4649
drifterup Medical News,4661
'Vampire Diaries' Bonnie and Enzo Win Best TV Couple in 2016 Fan Choice Awards,4663
,4675
Zika virus microcephaly can develop after birth: CDC study,4665
"
	 : arzillion
",4671
The cost of public inquiries -  Full Fact,4676
"
                Schoolgirl suicide bombers kill 56 in Nigerian market: official | Reuters",4728
Designed Hair Barrette Lot White & Black With Gold Nice Barrettes NIP U102 | eBay,4722
Pope\'s Horror At Prostitute Tortured And Forced To Work Until She Gave Birth | Christian News on Christian Today,4683
will.i.am - home,4746
Etsy :: Your place to buy and sell all things handmade,4748
drifterup Medical News,4757
"The Devil of Light (Cass Elliot Crime Series Book 1) - Kindle edition by Gae-Lynn Woods. Mystery, Thriller & Suspense Kindle eBooks @ Amazon.com.",4735
Earn money on short links. Make short links and earn the biggest money - shorte.st,4765
I think that is how thugs in Gotham City know about the Dark Knight : BlackPeopleTwitter,4760
Fear And Exhaustion In Aleppo As Brutal Siege Continues | Christian News on Christian Today,4752
Enter the giveaway: Click to win a free copy of Things I Wish I Knew Before We Became Parents by Gary Chapman. Check it out at gloriousmomblog.com.â€¦ | Pinteresâ€¦,4749
"Amazon.com: Lily Luchesi: Books, Biography, Blog, Audiobooks, Kindle",4781
Brainstorm Psychology videos: Batman Unmasked The Psychology Of The Dark Knight Documentary,4784
drifterup Medical News,4797
1 in 6 Adults in The US Takes a Psychiatric Drug,4801
,4810
,4839
drifterup Medical News,4842
"
	Curasan reveal plan for orthopedic product campaign
",4836
"	Beaverton man accused of attempted rape arrested in Eugene park | 						OregonLive.com",4852
We all know horses are packin heat : BlackPeopleTwitter,4834
Earn money on short links. Make short links and earn the biggest money - shorte.st,4862
"	Power out for 2,000 in SE Portland | 						OregonLive.com",4874
This Powerful Perspective Shift Will Inspire The Love You Want - mindbodygreen,4876
Costa Pura - Save The Ocean,4881
Want a job? These are the universities to go to | World Economic Forum,4883
One of the world's major fossil-fuel producers is putting a price on carbon - Business Insider,4924
Various Artists - Goon Tunez 30 Hosted by DJ Dinero Mixtape - Stream & Download,4882
,4914
"December 13, 2016: Wellness News You Need To Know - mindbodygreen",4905
Ultimate guide to ultra-marathon training - Runner's World,4918
"Four Killed, Hundreds Sickened in Australia Asthma Attacks Triggered by Thunderstorm | BCNN1 - Black Christian News Network",4898
And We've been together for 5 years now. : BlackPeopleTwitter,4892
A Portable North Pole video message from Santa - the-gingerbread-house.co.uk,4926
" 
            Right Relevance : Influencers, Articles and Conversations
        ",4962
Smoking Marijuana Vs Vaporizing Marijuana â€“ Weed News,4815
SALE 50% OFF Vintage Multi-Colored Bead Necklace Blue White,4923